{
  "ada": {
    "revision": "ba0894efa03beb70780156b91e28c716b7a4764d"
  },
  "agda": {
    "revision": "d3dc807692e6bca671d4491b3bf5c67eeca8c016"
  },
  "angular": {
    "revision": "f12fc56469d778285fb35b5bdb943edcfe77c48a"
  },
  "apex": {
    "revision": "c99ad4b16d112fea91745e3f1b769754239fdaba"
  },
  "arduino": {
    "revision": "8518c3fa6b8562af545a496d55c9abd78f53e732"
  },
  "asm": {
    "revision": "b0306e9bb2ebe01c6562f1aef265cc42ccc53070"
  },
  "astro": {
    "revision": "4be180759ec13651f72bacee65fa477c64222a1a"
  },
  "authzed": {
    "revision": "1dec7e1af96c56924e3322cd85fdce15d0a31d00"
  },
  "awk": {
    "revision": "ba7472152d79a8c916550c80fdbfd5724d07a0c9"
  },
  "bash": {
    "revision": "f8fb3274f72a30896075585b32b0c54cad65c086"
  },
  "bass": {
    "revision": "28dc7059722be090d04cd751aed915b2fee2f89a"
  },
  "beancount": {
    "revision": "c25f8034c977681653a8acd541c8b4877a58f474"
  },
  "bibtex": {
    "revision": "ccfd77db0ed799b6c22c214fe9d2937f47bc8b34"
  },
  "bicep": {
    "revision": "0092c7d1bd6bb22ce0a6f78497d50ea2b87f19c0"
  },
  "bitbake": {
    "revision": "a5d04fdb5a69a02b8fa8eb5525a60dfb5309b73b"
  },
  "blueprint": {
    "revision": "60ba73739c6083c693d86a1a7cf039c07eb4ed59"
  },
  "c": {
    "revision": "1aafaff4d26dac5a36dd3495be33e1c20161d761"
  },
  "c_sharp": {
    "revision": "e1384e2f132936019b43aaaae154cd780fb497ce"
  },
  "cairo": {
    "revision": "6238f609bea233040fe927858156dee5515a0745"
  },
  "capnp": {
    "revision": "7b0883c03e5edd34ef7bcf703194204299d7099f"
  },
  "chatito": {
    "revision": "a461f20dedb43905febb12c1635bc7d2e43e96f0"
  },
  "clojure": {
    "revision": "6e41628e9d18b19caea1cb1d72aae4ccff5bdfe9"
  },
  "cmake": {
    "revision": "20ffd6d3b4da1acdbf2d08204b2130a5b2f7c4b3"
  },
  "comment": {
    "revision": "aefcc2813392eb6ffe509aa0fc8b4e9b57413ee1"
  },
  "commonlisp": {
    "revision": "bf2a65b1c119898a1a17389e07f2a399c05cdc0c"
  },
  "cooklang": {
    "revision": "4ebe237c1cf64cf3826fc249e9ec0988fe07e58e"
  },
  "corn": {
    "revision": "604d73c38d4c28ca68e9e441ffd405d68cb63051"
  },
  "cpon": {
    "revision": "594289eadfec719198e560f9d7fd243c4db678d5"
  },
  "cpp": {
    "revision": "2369fa991eba294e9238e28280ffcd58132f94bc"
  },
  "css": {
    "revision": "02b4ee757654b7d54fe35352fd8e53a8a4385d42"
  },
  "csv": {
    "revision": "7eb7297823605392d2bbcc4c09b1cd18d6fa9529"
  },
  "cuda": {
    "revision": "c794560823013fc4cc29944d862b7158d9585408"
  },
  "cue": {
    "revision": "8a5f273bfa281c66354da562f2307c2d394b6c81"
  },
  "d": {
    "revision": "750dde90ed9cdbd82493bc28478d8ab1976b0e9f"
  },
  "dart": {
    "revision": "ac0bb849ccd1a923963af47573b5e396736ff582"
  },
  "devicetree": {
    "revision": "fb07e6044ffd36932c57a5be01ba5d6b8a9337bb"
  },
  "dhall": {
    "revision": "affb6ee38d629c9296749767ab832d69bb0d9ea8"
  },
  "diff": {
    "revision": "710e881127512bda8157096e26c1f3e91702823a"
  },
  "disassembly": {
    "revision": "0229c0211dba909c5d45129ac784a3f4d49c243a"
  },
  "djot": {
    "revision": "0e9a836ec47612ade15645fb1680adb549894a6c"
  },
  "dockerfile": {
    "revision": "439c3e7b8a9bfdbf1f7d7c2beaae4173dc484cbf"
  },
  "dot": {
    "revision": "9ab85550c896d8b294d9b9ca1e30698736f08cea"
  },
  "doxygen": {
    "revision": "4a30eba5d047d6a8c5b005202b4848c0b33d76ca"
  },
  "dtd": {
    "revision": "5910ee285378e07ff1e63a9f5d21898f62310aed"
  },
  "earthfile": {
    "revision": "3ded1cba9eab14b07377b700b1132d259480abae"
  },
  "ebnf": {
    "revision": "8e635b0b723c620774dfb8abf382a7f531894b40"
  },
  "eds": {
    "revision": "fde62029d4c715562230070b9af51a9500c2ce10"
  },
  "eex": {
    "revision": "f742f2fe327463335e8671a87c0b9b396905d1d1"
  },
  "elixir": {
    "revision": "de690fa8a028f122af46d9d2685679fe5f2d7d60"
  },
  "elm": {
    "revision": "09dbf221d7491dc8d8839616b27c21b9c025c457"
  },
  "elsa": {
    "revision": "0a66b2b3f3c1915e67ad2ef9f7dbd2a84820d9d7"
  },
  "elvish": {
    "revision": "5e7210d945425b77f82cbaebc5af4dd3e1ad40f5"
  },
  "embedded_template": {
    "revision": "6d791b897ecda59baa0689a85a9906348a2a6414"
  },
  "erlang": {
    "revision": "20ce5a9234c7248b3f91c5b0b028f1760b954dde"
  },
  "facility": {
    "revision": "a52579670e2b14ec03d410c3c980fafaf6d659c4"
  },
  "faust": {
    "revision": "f3b9274514b5f9bf6b0dd4a01c30f9cc15c58bc4"
  },
  "fennel": {
    "revision": "8ad17704b3c2469155947d4e8fcb618cf1328459"
  },
  "fidl": {
    "revision": "0a8910f293268e27ff554357c229ba172b0eaed2"
  },
  "firrtl": {
    "revision": "8503d3a0fe0f9e427863cb0055699ff2d29ae5f5"
  },
  "fish": {
    "revision": "a78aef9abc395c600c38a037ac779afc7e3cc9e0"
  },
  "foam": {
    "revision": "04664b40c0dadb7ef37028acf3422c63271d377b"
  },
  "forth": {
    "revision": "90189238385cf636b9ee99ce548b9e5b5e569d48"
  },
  "fortran": {
    "revision": "f73d473e3530862dee7cbb38520f28824e7804f6"
  },
  "fsh": {
    "revision": "fad2e175099a45efbc98f000cc196d3674cc45e0"
  },
  "func": {
    "revision": "f780ca55e65e7d7360d0229331763e16c452fc98"
  },
  "fusion": {
    "revision": "19db2f47ba4c3a0f6238d4ae0e2abfca16e61dd6"
  },
  "gdscript": {
    "revision": "1f1e782fe2600f50ae57b53876505b8282388d77"
  },
  "gdshader": {
    "revision": "ffd9f958df13cae04593781d7d2562295a872455"
  },
  "git_config": {
    "revision": "9c2a1b7894e6d9eedfe99805b829b4ecd871375e"
  },
  "git_rebase": {
    "revision": "d8a4207ebbc47bd78bacdf48f883db58283f9fd8"
  },
  "gitattributes": {
    "revision": "41940e199ba5763abea1d21b4f717014b45f01ea"
  },
  "gitcommit": {
    "revision": "edd817e0532f179b7f7f371dc180629070945f0c"
  },
  "gitignore": {
    "revision": "f4685bf11ac466dd278449bcfe5fd014e94aa504"
  },
  "gleam": {
    "revision": "a0b11a15935b95848176c747a8b5776752d90d7c"
  },
  "glimmer": {
    "revision": "6b25d265c990139353e1f7f97baf84987ebb7bf0"
  },
  "glsl": {
    "revision": "9f611774fb5b95993e31e03f137b4a689c63f827"
  },
  "gn": {
    "revision": "bc06955bc1e3c9ff8e9b2b2a55b38b94da923c05"
  },
  "gnuplot": {
    "revision": "3c895f5d9c0b3a3c7e02383766b462c21913c000"
  },
  "go": {
    "revision": "eb68645662a3f7bf7fdd4bcb9531585f54c8570e"
  },
  "godot_resource": {
    "revision": "2ffb90de47417018651fc3b970e5f6b67214dc9d"
  },
  "gomod": {
    "revision": "bbe2fe3be4b87e06a613e685250f473d2267f430"
  },
  "gosum": {
    "revision": "e2ac513b2240c7ff1069ae33b2df29ce90777c11"
  },
  "gotmpl": {
    "revision": "17144a77be0acdecebd9d557398883569fed41de"
  },
  "gowork": {
    "revision": "949a8a470559543857a62102c84700d291fc984c"
  },
  "gpg": {
    "revision": "f99323fb8f3f10b6c69db0c2f6d0a14bd7330675"
  },
  "graphql": {
    "revision": "5e66e961eee421786bdda8495ed1db045e06b5fe"
  },
  "groovy": {
    "revision": "6c5c8813233fe326e24c5ef032858d13f8006a8d"
  },
  "gstlaunch": {
    "revision": "549aef253fd38a53995cda1bf55c501174372bf7"
  },
  "hack": {
    "revision": "fca1e294f6dce8ec5659233a6a21f5bd0ed5b4f2"
  },
  "hare": {
    "revision": "070524937539eb8bb4f10debd9c83b66c434f3a2"
  },
  "haskell": {
    "revision": "af32d884088ce7b74541b5e51820baa7e305caae"
  },
  "haskell_persistent": {
    "revision": "577259b4068b2c281c9ebf94c109bd50a74d5857"
  },
  "hcl": {
    "revision": "e936d3fef8bac884661472dce71ad82284761eb1"
  },
  "heex": {
    "revision": "b5ad6e34eea18a15bbd1466ca707a17f9bff7b93"
  },
  "helm": {
    "revision": "17144a77be0acdecebd9d557398883569fed41de"
  },
  "hjson": {
    "revision": "02fa3b79b3ff9a296066da6277adfc3f26cbc9e0"
  },
  "hlsl": {
    "revision": "de5d490e52aa7be2a877df7022f93dff05f03eb9"
  },
  "hlsplaylist": {
    "revision": "64f19029339e75d6762feae39e7878595860c980"
  },
  "hocon": {
    "revision": "c390f10519ae69fdb03b3e5764f5592fb6924bcc"
  },
  "hoon": {
    "revision": "a24c5a39d1d7e993a8bee913c8e8b6a652ca5ae8"
  },
  "html": {
    "revision": "eee29ca0ce287b699d9d52118f9c1cd9094c48f9"
  },
  "htmldjango": {
    "revision": "ea71012d3fe14dd0b69f36be4f96bdfe9155ebae"
  },
  "http": {
    "revision": "8d22f33faa5aa95c6526606fb656ada342e59e40"
  },
  "hurl": {
    "revision": "ad705af8c44c737bdb965fc081329c50716d2d03"
  },
  "hyprlang": {
    "revision": "e5da7d0aa44403153e0394d87d9edea4e5bd6609"
  },
  "idl": {
    "revision": "d9a260eda455deaa36d2edf398963b0736ed0845"
  },
  "ini": {
    "revision": "bcb84a2d4bcd6f55b911c42deade75c8f90cb0c5"
  },
  "inko": {
    "revision": "6983354c13a14bc621d7a3619f1790149e901187"
  },
  "ispc": {
    "revision": "9b2f9aec2106b94b4e099fe75e73ebd8ae707c04"
  },
  "janet_simple": {
    "revision": "51271e260346878e1a1aa6c506ce6a797b7c25e2"
  },
  "java": {
    "revision": "953abfc8bb3eb2f578e1f461edba4a9885f974b8"
  },
  "javascript": {
    "revision": "c0027460e8f9629afeeb27f7949ecf961c82d707"
  },
  "jq": {
    "revision": "13990f530e8e6709b7978503da9bc8701d366791"
  },
  "jsdoc": {
    "revision": "6a6cf9e7341af32d8e2b2e24a37fbfebefc3dc55"
  },
  "json": {
    "revision": "80e623c2165887f9829357acfa9c0a0bab34a3cd"
  },
  "json5": {
    "revision": "ab0ba8229d639ec4f3fa5f674c9133477f4b77bd"
  },
  "jsonc": {
    "revision": "02b01653c8a1c198ae7287d566efa86a135b30d5"
  },
  "jsonnet": {
    "revision": "d34615fa12cc1d1cfc1f1f1a80acc9db80ee4596"
  },
  "julia": {
    "revision": "acd5ca12cc278df7960629c2429a096c7ac4bbea"
  },
  "just": {
    "revision": "fd814fc6c579f68c2a642f5e0268cf69daae92d7"
  },
  "kconfig": {
    "revision": "486fea71f61ad9f3fd4072a118402e97fe88d26c"
  },
  "kdl": {
    "revision": "49fb89a854d93b58a65a19724ac307195ca11941"
  },
  "kotlin": {
    "revision": "260afd9a92bac51b3a4546303103c3d40a430639"
  },
  "koto": {
    "revision": "919440e1376109bab4edac52594c17c02ae0be5a"
  },
  "kusto": {
    "revision": "8353a1296607d6ba33db7c7e312226e5fc83e8ce"
  },
  "lalrpop": {
    "revision": "123d8b472e949b59f348c32e245107a34a3d8945"
  },
  "latex": {
    "revision": "cd82eb40d31bdfe65f846f4e06292d6c804b5e0e"
  },
  "ledger": {
    "revision": "8a841fb20ce683bfbb3469e6ba67f2851cfdf94a"
  },
  "leo": {
    "revision": "304611b5eaf53aca07459a0a03803b83b6dfd3b3"
  },
  "linkerscript": {
    "revision": "f99011a3554213b654985a4b0a65b3b032ec4621"
  },
  "liquid": {
    "revision": "293369818da219d97327908aab33707b04b63fd9"
  },
  "liquidsoap": {
    "revision": "a9b8012366eab7d0c28bbda5f75a847be931008f"
  },
  "llvm": {
    "revision": "1b96e58faf558ce057d4dc664b904528aee743cb"
  },
  "lua": {
    "revision": "a24dab177e58c9c6832f96b9a73102a0cfbced4a"
  },
  "luadoc": {
    "revision": "873612aadd3f684dd4e631bdf42ea8990c57634e"
  },
  "luap": {
    "revision": "31461ae9bd0866cb5117cfe5de71189854fd0f3e"
  },
  "luau": {
    "revision": "5b088fac748f2666a315cafd1638a214388eb23e"
  },
  "m68k": {
    "revision": "d097b123f19c6eaba2bf181c05420d88b9fc489d"
  },
  "make": {
    "revision": "a4b9187417d6be349ee5fd4b6e77b4172c6827dd"
  },
  "markdown": {
    "revision": "7fe453beacecf02c86f7736439f238f5bb8b5c9b"
  },
  "markdown_inline": {
    "revision": "7fe453beacecf02c86f7736439f238f5bb8b5c9b"
  },
  "matlab": {
    "revision": "79d8b25f57b48f83ae1333aff6723b83c9532e37"
  },
  "menhir": {
    "revision": "be8866a6bcc2b563ab0de895af69daeffa88fe70"
  },
  "mermaid": {
    "revision": "90ae195b31933ceb9d079abfa8a3ad0a36fee4cc"
  },
  "meson": {
    "revision": "bd17c824196ce70800f64ad39cfddd1b17acc13f"
  },
  "mlir": {
    "revision": "ed528701a1ee52d4735c3439da262c898e506fc3"
  },
  "muttrc": {
    "revision": "90ef60852c410bd964cd3b954366e4c403c17314"
  },
  "nasm": {
    "revision": "570f3d7be01fffc751237f4cfcf52d04e20532d1"
  },
  "nickel": {
    "revision": "58baf89db8fdae54a84bcf22c80ff10ee3f929ed"
  },
  "nim": {
    "revision": "961c2798cec9250c44f7d7225ddb33d47d25856a"
  },
  "nim_format_string": {
    "revision": "d45f75022d147cda056e98bfba68222c9c8eca3a"
  },
  "ninja": {
    "revision": "0a95cfdc0745b6ae82f60d3a339b37f19b7b9267"
  },
  "nix": {
    "revision": "b3cda619248e7dd0f216088bd152f59ce0bbe488"
  },
  "norg": {
    "revision": "aa1a1a7ded81a094cc3d5cb14bea6f34b86d8688"
  },
  "nqc": {
    "revision": "14e6da1627aaef21d2b2aa0c37d04269766dcc1d"
  },
  "objc": {
    "revision": "62e61b6f5c0289c376d61a8c91faf6435cde9012"
  },
  "objdump": {
    "revision": "28d3b2e25a0b1881d1b47ed1924ca276c7003d45"
  },
  "ocaml": {
    "revision": "0b12614ded3ec7ed7ab7933a9ba4f695ba4c342e"
  },
  "ocaml_interface": {
    "revision": "0b12614ded3ec7ed7ab7933a9ba4f695ba4c342e"
  },
  "ocamllex": {
    "revision": "4b9898ccbf198602bb0dec9cd67cc1d2c0a4fad2"
  },
  "odin": {
    "revision": "b5f668ef8918aab13812ce73acd89fe191fb8c5e"
  },
  "org": {
    "revision": "64cfbc213f5a83da17632c95382a5a0a2f3357c1"
  },
  "pascal": {
    "revision": "a9ee969dec5b2e3b2ccccc5954fec04100c7619e"
  },
  "passwd": {
    "revision": "20239395eacdc2e0923a7e5683ad3605aee7b716"
  },
  "pem": {
    "revision": "217ff2af3f2db15a79ab7e3d21ea1e0c17e71a1a"
  },
  "perl": {
    "revision": "96a17c4c2dd345dc61f330d040684538d634bbc2"
  },
  "php": {
    "revision": "58054be104db0809ea6f119514a4d904f95e5b5c"
  },
  "php_only": {
    "revision": "58054be104db0809ea6f119514a4d904f95e5b5c"
  },
  "phpdoc": {
    "revision": "f285e338d328a03920a9bfd8dda78585c7ddcca3"
  },
  "pioasm": {
    "revision": "924aadaf5dea2a6074d72027b064f939acf32e20"
  },
  "po": {
    "revision": "bd860a0f57f697162bf28e576674be9c1500db5e"
  },
  "pod": {
    "revision": "39da859947b94abdee43e431368e1ae975c0a424"
  },
  "poe_filter": {
    "revision": "592476d81f95d2451f2ca107dc872224c76fecdf"
  },
  "pony": {
    "revision": "73ff874ae4c9e9b45462673cbc0a1e350e2522a7"
  },
  "printf": {
    "revision": "0e0aceabbf607ea09e03562f5d8a56f048ddea3d"
  },
  "prisma": {
    "revision": "eca2596a355b1a9952b4f80f8f9caed300a272b5"
  },
  "promql": {
    "revision": "77625d78eebc3ffc44d114a07b2f348dff3061b0"
  },
  "properties": {
    "revision": "9d09f5f200c356c50c4103d36441309fd61b48d1"
  },
  "proto": {
    "revision": "e9f6b43f6844bd2189b50a422d4e2094313f6aa3"
  },
  "prql": {
    "revision": "09e158cd3650581c0af4c49c2e5b10c4834c8646"
  },
  "psv": {
    "revision": "7eb7297823605392d2bbcc4c09b1cd18d6fa9529"
  },
  "pug": {
    "revision": "a7ff31a38908df9b9f34828d21d6ca5e12413e18"
  },
  "puppet": {
    "revision": "584522f32495d648b18a53ccb52d988e60de127d"
  },
  "purescript": {
    "revision": "daf9b3e2be18b0b2996a1281f7783e0d041d8b80"
  },
  "pymanifest": {
    "revision": "e3b82b78721aee07f676dac8473ae69db51debcf"
  },
  "python": {
    "revision": "71778c2a472ed00a64abf4219544edbf8e4b86d7"
  },
  "ql": {
    "revision": "fa5c3821dd2161f5c8528a8cbdb258daa6dc4de6"
  },
  "qmldir": {
    "revision": "6b2b5e41734bd6f07ea4c36ac20fb6f14061c841"
  },
  "qmljs": {
    "revision": "239f2627b4c7859fd9adc53609cb40fa0a5431ce"
  },
  "query": {
    "revision": "608c01187fb9f525a1e4cf585bb63d73dea280b7"
  },
  "r": {
    "revision": "391400572538ff9854341a175ed8ab4b1e45f44b"
  },
  "racket": {
    "revision": "171f52a8c0ed635b85cd42d1e36d82f1066a03b4"
  },
  "rasi": {
    "revision": "43196d934a9a6ab3c7093a8683efd0111bb03db1"
  },
  "rbs": {
    "revision": "e5e807a50fcd104a2d740d354632fc671700a0bf"
  },
  "re2c": {
    "revision": "47aa19cf5f7aba2ed30e2b377f7172df76e819a6"
  },
  "readline": {
    "revision": "3d4768b04d7cfaf40533e12b28672603428b8f31"
  },
  "regex": {
    "revision": "ba22e4e0cb42b2ef066948d0ea030ac509cef733"
  },
  "rego": {
    "revision": "9ac75e71b2d791e0aadeef68098319d86a2a14cf"
  },
  "requirements": {
    "revision": "8666a4dfeb3107144398158bc3dd7a3f59d89ccb"
  },
  "rnoweb": {
    "revision": "1a74dc0ed731ad07db39f063e2c5a6fe528cae7f"
  },
  "robot": {
    "revision": "322e4cc65754d2b3fdef4f2f8a71e0762e3d13af"
  },
  "roc": {
    "revision": "7df2c0892e62efb81a7504d9799d4e0d0443d241"
  },
  "ron": {
    "revision": "f0ddc95a4b7bb21a7308642255a80f5496e69c5b"
  },
  "rst": {
    "revision": "5120f6e59284cb8b85b450bd2db0bd352635ba9f"
  },
  "ruby": {
    "revision": "9d86f3761bb30e8dcc81e754b81d3ce91848477e"
  },
  "rust": {
    "revision": "04352146022062c101b8ddd853adf17eadd8cf56"
  },
  "scala": {
    "revision": "b76db435a7f876cf1ede837d66054c534783c72f"
  },
  "scfg": {
    "revision": "6deae0cbb458c849a4d1e2985093e9c9c32d7fd0"
  },
  "scheme": {
    "revision": "8f9dff3d038f09934db5ea113cebc59c74447743"
  },
  "scss": {
    "revision": "c478c6868648eff49eb04a4df90d703dc45b312a"
  },
  "slang": {
    "revision": "68587530d86aaeb1f1cb17fdada795281cdd0556"
  },
  "slint": {
    "revision": "0701312b74b87fe20e61aa662ba41c5815b5d428"
  },
  "smali": {
    "revision": "3f6517855898ef23023e5d64a8b175d4ee8d646e"
  },
  "smithy": {
    "revision": "fa898ac0885d1da9a253695c3e0e91f5efc587cd"
  },
  "snakemake": {
    "revision": "ba1b3868eaa960b945593404af9a7c2f296d3643"
  },
  "solidity": {
    "revision": "fa5c61c7c5a2d9e8e99439e2cec90225f4acb86b"
  },
  "soql": {
    "revision": "c99ad4b16d112fea91745e3f1b769754239fdaba"
  },
  "sosl": {
    "revision": "c99ad4b16d112fea91745e3f1b769754239fdaba"
  },
  "sourcepawn": {
    "revision": "3ca89fdf998340a7973e276b39516d8902950f86"
  },
  "sparql": {
    "revision": "05f949d3c1c15e3261473a244d3ce87777374dec"
  },
  "sql": {
    "revision": "25f94f998de79bae9df28add9782f9ea6ea0e2b8"
  },
  "squirrel": {
    "revision": "f93fd2864dd05cc39b0490145fd86a1a93bfa3a3"
  },
  "ssh_config": {
    "revision": "77450e8bce8853921512348f83c73c168c71fdfb"
  },
  "starlark": {
    "revision": "b31a616aac5d05f927f3f9dd809789db7805b632"
  },
  "strace": {
    "revision": "d819cdd5dbe455bd3c859193633c8d91c0df7c36"
  },
  "styled": {
    "revision": "c68a4572e2d6403b6e99066c9a113b43f4a07a27"
  },
  "supercollider": {
    "revision": "affa4389186b6939d89673e1e9d2b28364f5ca6f"
  },
  "surface": {
    "revision": "f4586b35ac8548667a9aaa4eae44456c1f43d032"
  },
  "svelte": {
    "revision": "2c97326cd96b7c3016c3d249e8dc244c89b4abeb"
  },
  "swift": {
    "revision": "ae648bc42aac4473122918bf792bc3b50158deef"
  },
  "sxhkdrc": {
    "revision": "440d5f913d9465c9c776a1bd92334d32febcf065"
  },
  "systemtap": {
    "revision": "1af543a96d060b1f808982037bfc54cc02218edd"
  },
  "t32": {
    "revision": "6182836f4128725f1e74ce986840d7317021a015"
  },
  "tablegen": {
    "revision": "6b7eb096621443627cc5e29c8c34ff1fde482cf3"
  },
  "tact": {
    "revision": "68c48c51a9b9ef5280a172acfa3c73b35078e8a7"
  },
  "tcl": {
    "revision": "8784024358c233efd0f3a6fd9e7a3c5852e628bc"
  },
  "teal": {
    "revision": "33482c92a0dfa694491d34e167a1d2f52b0dccb1"
  },
  "templ": {
    "revision": "c06e7bf0edfa211f6a7665a3c7fa25c1198850b2"
  },
  "terraform": {
    "revision": "e936d3fef8bac884661472dce71ad82284761eb1"
  },
  "textproto": {
    "revision": "8dacf02aa402892c91079f8577998ed5148c0496"
  },
  "thrift": {
    "revision": "68fd0d80943a828d9e6f49c58a74be1e9ca142cf"
  },
  "tiger": {
    "revision": "a7f11d946b44244f71df41d2a78af0665d618dae"
  },
  "tlaplus": {
    "revision": "763f9a4edcb1747595842164614aa143eec084dd"
  },
  "tmux": {
    "revision": "9138ea508410e0f34da2666609f600f65e944f22"
  },
  "todotxt": {
    "revision": "3937c5cd105ec4127448651a21aef45f52d19609"
  },
  "toml": {
    "revision": "16a30c83ce427385b8d14939c45c137fcfca6c42"
  },
  "tsv": {
    "revision": "7eb7297823605392d2bbcc4c09b1cd18d6fa9529"
  },
  "tsx": {
    "revision": "b00b8eb44f0b9f02556da0b1a4e2f71faed7e61b"
  },
  "turtle": {
    "revision": "085437f5cb117703b7f520dd92161140a684f092"
  },
  "twig": {
    "revision": "eaf80e6af969e25993576477a9dbdba3e48c1305"
  },
  "typescript": {
    "revision": "b00b8eb44f0b9f02556da0b1a4e2f71faed7e61b"
  },
  "typoscript": {
    "revision": "43b221c0b76e77244efdaa9963e402a17c930fbc"
  },
  "typst": {
    "revision": "4610172f312e8ce5184e6882be5ad1a1cd800fbe"
  },
  "udev": {
    "revision": "8f58696e79092b4ad6bf197415bbd0970acf15cd"
  },
  "ungrammar": {
    "revision": "debd26fed283d80456ebafa33a06957b0c52e451"
  },
  "unison": {
    "revision": "59d36a09282be7e4d3374854126590f3dcebee6e"
  },
  "usd": {
    "revision": "4e0875f724d94d0c2ff36f9b8cb0b12f8b20d216"
  },
  "uxntal": {
    "revision": "4c5ecd6326ebd61f6f9a22a370cbd100e0d601da"
  },
  "v": {
    "revision": "7e11a6f8f369df935664fadd2f0c99d90fe3226f"
  },
  "vala": {
    "revision": "8f690bfa639f2b83d1fb938ed3dd98a7ba453e8b"
  },
  "vento": {
    "revision": "3321077d7446c1b3b017c294fd56ce028ed817fe"
  },
  "verilog": {
    "revision": "075ebfc84543675f12e79a955f79d717772dcef3"
  },
  "vhs": {
    "revision": "90028bbadb267ead5b87830380f6a825147f0c0f"
  },
  "vim": {
    "revision": "b448ca63f972ade12c373c808acdd2bf972937db"
  },
  "vimdoc": {
    "revision": "b711df784dd43d0a8ed8ddbfca0ddcc3239d94b4"
  },
  "vue": {
    "revision": "22bdfa6c9fc0f5ffa44c6e938ec46869ac8a99ff"
  },
  "wgsl": {
    "revision": "40259f3c77ea856841a4e0c4c807705f3e4a2b65"
  },
  "wgsl_bevy": {
    "revision": "59d5fbd562c0e17c45312f49485098cce467f5ac"
  },
  "wing": {
    "revision": "bd1d35cf3e013dc7e189b46a593bdc2b281b0dd7"
  },
  "wit": {
    "revision": "3d6124cfe88555ecee1ba97d6d76c70d13af927a"
  },
  "xcompose": {
    "revision": "2383cc69a2c42cfade41c7cb971fb3862bec6df1"
  },
  "xml": {
    "revision": "5910ee285378e07ff1e63a9f5d21898f62310aed"
  },
  "yaml": {
    "revision": "08ab1fbc18beac06b2938495a2c6ab17b5a6abc5"
  },
  "yang": {
    "revision": "2c0e6be8dd4dcb961c345fa35c309ad4f5bd3502"
  },
  "yuck": {
    "revision": "a513732feb813426b51d1ead8397a9c285c411be"
  },
  "zathurarc": {
    "revision": "e9e8de071ab79ed1f6e3365f05fcf890b6d85a2f"
  },
  "zig": {
    "revision": "0d08703e4c3f426ec61695d7617415fff97029bd"
  }
}
